filter_name;noise_type;noise_intensity;filter_value;med_chest_ct.jpg;med_chest_xray.jpg;med_hand_xray.jpg;med_head_mr.jpg;med_thorax_ct.jpg;sat_mixed_close_1.jpg;sat_mixed_close_2.jpg;sat_mixed_close_3.jpg;sat_nature_farther_1.jpg;sat_nature_farther_2.jpg;sat_nature_farther_3.jpg;sat_urban_farther_normal_1.jpg;sat_urban_farther_normal_2.jpg;sat_urban_farther_normal_3.jpg
gaussian_filter;salt_pepper;0_5;1;3669,1014;1719,1951;3467,254;2946,8697;3284,2119;1494,0272;1629,6053;1800,2726;1429,0435;1095,0842;872,186;1064,3872;1040,5747;1012,4623
gaussian_filter;salt_pepper;0_5;2;3150,4548;1184,0564;2835,4309;2449,2382;2763,2878;1074,5222;1225,3764;1390,3254;969,2682;629,6521;408,164;624,9142;649,3324;620,6754
gaussian_filter;salt_pepper;0_5;3;3155,3814;1090,8141;2728,1656;2459,2355;2737,7991;1049,8057;1207,9427;1373,7088;928,8948;560,8032;337,1787;568,9897;627,429;594,1509
gaussian_filter;salt_pepper;0_5;4;3231,6659;1062,3933;2698,2419;2534,7102;2780,0431;1070,0451;1229,6071;1400,1833;945,0128;544,3032;321,3586;561,2499;645,1554;605,7079
gaussian_filter;salt_pepper;0_5;5;3323,9922;1052,4191;2689,6934;2613,6814;2839,4808;1096,9776;1255,0218;1433,6635;973,4237;540,6915;320,0744;564,6402;668,3756;621,7449
gaussian_filter;salt_pepper;0_5;6;3418,7217;1049,5011;2689,554;2682,2108;2902,5428;1123,432;1278,6663;1466,9964;1003,3585;540,9608;323,6415;571,0491;691,2478;636,8331
gaussian_filter;salt_pepper;0_5;7;3512,0852;1050,0954;2692,7645;2740,1718;2965,8655;1147,5971;1299,8778;1498,4561;1031,4403;542,6289;329,0355;578,0468;712,6305;650,1573
gaussian_filter;salt_pepper;0_5;8;3602,1342;1052,5141;2698,4614;2788,3179;3028,0301;1169,4074;1319,1859;1527,7512;1056,8717;544,6869;335,0258;584,9457;732,4011;661,9356
gaussian_filter;salt_pepper;0_5;9;3688,4884;1055,966;2704,843;2829,0324;3087,5422;1188,7658;1336,8164;1554,979;1079,2846;546,7131;341,0812;591,4506;750,5027;672,4363
gaussian_filter;salt_pepper;0_5;10;3771,8823;1060,4682;2712,5074;2862,5933;3145,4126;1206,0082;1353,3044;1580,258;1098,8782;548,7206;347,1096;597,5423;766,9532;681,9145
gaussian_filter;salt_pepper;0_05;1;198,144;98,6288;128,785;144,0232;186,5727;191,868;241,2947;221,6608;136,5574;124,6766;109,4855;160,9007;189,9787;198,0526
gaussian_filter;salt_pepper;0_05;2;243,6553;47,6986;62,0057;175,5166;214,6752;264,0587;346,5373;332,9986;154,0169;124,4587;95,3655;188,705;271,8031;280,9552
gaussian_filter;salt_pepper;0_05;3;360,2578;44,5092;61,7455;307,5502;299,7322;347,3069;445,778;431,2813;210,3981;149,2083;111,8878;229,5115;354,8083;359,7808
gaussian_filter;salt_pepper;0_05;4;484,794;47,4939;70,4486;452,9929;387,7988;414,839;519,6027;506,6471;268,8757;169,4579;129,1975;260,6374;417,7235;417,6425
gaussian_filter;salt_pepper;0_05;5;608,279;51,8436;80,3551;585,6964;473,826;469,9386;574,404;568,5916;324,6223;184,7862;144,8804;284,5296;466,7589;460,0703
gaussian_filter;salt_pepper;0_05;6;727,9803;56,5018;89,7183;699,0653;557,1027;516,1697;616,5028;621,8773;375,9837;196,6533;158,7676;303,7201;507,2761;492,3529
gaussian_filter;salt_pepper;0_05;7;842,9501;61,208;98,3459;793,8068;637,6264;555,5645;650,4103;669,0558;422,3155;206,011;171,1813;319,5203;542,1572;517,5327
gaussian_filter;salt_pepper;0_05;8;952,8978;65,9093;106,5692;872,3797;715,4527;589,6965;678,9064;711,674;463,3299;213,6092;182,4271;332,9487;572,9831;538,0718
gaussian_filter;salt_pepper;0_05;9;1057,9526;70,6357;114,4935;938,3198;790,3078;619,2697;703,7822;750,6893;499,0962;219,8628;192,6925;344,5196;600,6509;555,2819
gaussian_filter;salt_pepper;0_05;10;1158,3776;75,41;122,4583;993,4251;862,1786;645,1808;726,0624;786,7235;530,199;225,1416;202,1986;354,6739;625,4938;570,2154
gaussian_filter;salt_pepper;0_25;1;1244,4629;631,8466;1122,8997;987,2756;1138,0811;654,7258;728,046;761,2696;592,3375;490,4603;419,6453;509,1452;535,7567;529,6917
gaussian_filter;salt_pepper;0_25;2;1015,0032;358,0378;773,4384;770,607;899,2903;506,934;605,0248;638,3533;393,8915;278,4464;206,1581;330,081;410,8576;406,8348
gaussian_filter;salt_pepper;0_25;3;1086,1446;314,1832;721,3277;857,556;937,7622;545,7067;656,132;689,2283;410,1276;261,5912;184,8548;329,9286;450,6645;442,5465
gaussian_filter;salt_pepper;0_25;4;1197,9315;303,0847;712,2035;980,8298;1010,8989;594,9038;709,8786;746,8125;453,1013;266,0814;188,5874;345,4652;495,9369;482,1168
gaussian_filter;salt_pepper;0_25;5;1317,0714;301,3146;714,1378;1096,3725;1090,943;639,7664;754,0884;799,4384;499,5973;273,4567;197,8296;361,4468;535,6719;514,4702
gaussian_filter;salt_pepper;0_25;6;1434,9186;303,0439;719,7755;1195,3791;1170,847;679,0122;789,8722;846,7659;543,816;280,6258;208,0624;375,8301;570,1543;540,2038
gaussian_filter;salt_pepper;0_25;7;1549,1226;306,5086;726,7445;1278,4395;1249,4552;713,2366;819,9059;889,5867;583,9429;286,9332;218,1961;388,5281;600,6429;561,1184
gaussian_filter;salt_pepper;0_25;8;1658,1711;310,8932;734,6431;1347,3973;1325,4248;743,0172;845,9241;928,6102;619,4188;292,4269;227,9168;399,613;627,898;578,5594
gaussian_filter;salt_pepper;0_25;9;1762,4465;315,9355;743,1055;1405,1343;1398,6243;769,1084;869,1732;964,3715;650,5189;297,1448;237,0654;409,4275;652,3626;593,4541
gaussian_filter;salt_pepper;0_25;10;1862,21;321,3769;751,8906;1453,4869;1469,1894;792,0336;890,3456;997,4475;677,2145;301,2849;245,6876;418,1932;674,4555;606,5923
gaussian_filter;gaussian;0_5;1;232,8211;162,8813;178,6311;183,2613;226,0781;227,6442;265,5256;247,1941;171,7255;171,9833;162,8095;196,2345;224,0936;231,4527
gaussian_filter;gaussian;0_5;2;320,6895;74,0401;133,4173;219,4725;281,8702;269,9212;347,4451;339,236;160,638;135,1047;105,9372;193,6835;274,4623;284,505
gaussian_filter;gaussian;0_5;3;447,2684;63,5961;137,4017;353,6833;373,5492;347,6928;442,6443;433,0146;211,2948;153,1931;114,425;229,2119;351,6141;358,1504
gaussian_filter;gaussian;0_5;4;577,0581;64,0362;147,9127;499,7156;464,7308;413,47;515,3263;506,1459;267,6783;171,2167;128,8442;258,6135;412,5209;414,5054
gaussian_filter;gaussian;0_5;5;704,5838;67,1552;158,7898;632,5157;552,5527;467,8392;569,614;566,6232;322,538;185,5893;143,1507;281,8054;460,5459;456,455
gaussian_filter;gaussian;0_5;6;827,3522;71,1125;168,9232;744,9099;637,0353;513,7579;611,5796;618,9401;373,5093;196,9758;156,2661;300,5892;500,5217;488,4909
gaussian_filter;gaussian;0_5;7;944,9779;75,2853;178,2955;838,8765;718,6886;552,9986;645,188;665,4557;419,659;206,0551;168,1413;316,2571;535,2322;513,7577
gaussian_filter;gaussian;0_5;8;1057,3126;79,6137;187,2016;916,2933;797,5541;586,9407;673,5187;707,5679;460,6159;213,4491;178,9435;329,6485;565,9433;534,3612
gaussian_filter;gaussian;0_5;9;1164,5228;84,0446;195,9572;981,0794;872,9863;616,4608;698,1684;746,1558;496,4799;219,6399;188,9192;341,2212;593,5904;551,6555
gaussian_filter;gaussian;0_5;10;1267,2934;88,5749;204,7396;1034,7711;945,4343;642,3219;720,2326;781,8951;527,6517;224,852;198,1889;351,3616;618,5347;566,6355
gaussian_filter;gaussian;0_9;1;1040,564;810,7388;1203,3814;1101,9208;1028,8842;704,4847;731,0473;753,5701;641,9909;577,8695;566,7336;594,7095;616,6608;622,6115
gaussian_filter;gaussian;0_9;2;981,0807;456,4197;962,8008;926,0864;911,0136;492,3864;567,9082;605,0387;381,8762;276,8396;230,7419;329,3056;407,0044;411,6615
gaussian_filter;gaussian;0_9;3;1085,043;397,7664;930,6587;1017,6924;972,9063;519,6513;612,2392;651,2386;387,3589;243,9322;187,2318;313,6055;434,1301;432,245
gaussian_filter;gaussian;0_9;4;1208,8432;381,6111;928,2213;1141,4048;1055,1433;565,4893;664,0034;707,0665;426,9245;242,9759;183,3357;324,147;476,4607;467,8212
gaussian_filter;gaussian;0_9;5;1333,5506;377,6298;933,2931;1256,8364;1139,3994;609,0055;707,3312;758,8127;472,0673;247,9923;189,1023;338,1964;515,4803;499,2673
gaussian_filter;gaussian;0_9;6;1455,3455;378,2076;940,6188;1356,049;1222,4219;647,6746;742,6918;805,5825;515,5783;253,7557;197,5323;351,7926;550,0511;525,0773
gaussian_filter;gaussian;0_9;7;1571,6074;380,9235;948,7315;1438,7906;1302,4229;681,7015;772,3164;848,1888;555,3907;259,0839;206,5363;364,1636;581,0052;546,2772
gaussian_filter;gaussian;0_9;8;1682,7705;384,782;957,4945;1506,7858;1379,9902;711,5468;798,1286;887,0539;590,7584;263,8857;215,513;375,2626;608,9068;564,0784
gaussian_filter;gaussian;0_9;9;1788,5216;389,4521;966,5537;1563,1074;1454,2299;737,6555;821,0473;922,9164;621,6478;268,0918;224,166;385,1715;634,0833;579,447
gaussian_filter;gaussian;0_9;10;1889,5719;394,5489;975,9044;1609,7153;1525,2903;760,7043;841,9631;956,1201;648,4142;271,7489;232,4715;394,0232;656,868;592,9354
median_filter;salt_pepper;0_5;1;13564,7541;9986,9218;13403,8208;12325,5579;12874,034;9477,6059;9630,035;9981,8148;9450,4363;8837,4615;8371,0476;8678,3823;8537,5678;8489,0348
median_filter;salt_pepper;0_5;2;12446,5565;5989,6081;13109,7962;12183,2315;11617,8401;8174,0774;7682,0177;8721,4804;8270,0922;7502,4261;5061,1055;6187,8811;5611,1201;5764,3969
median_filter;salt_pepper;0_5;3;2787,466;1960,2287;2645,0253;2595,1702;2608,8794;2027,4092;2163,3028;2193,4522;1955,648;1797,8808;1695,4083;1824,6092;1854,0007;1860,5497
median_filter;salt_pepper;0_5;4;1581,1659;695,616;1437,2341;1518,6786;1421,0921;1130,1766;1222,5038;1293,5176;1046,9758;919,826;659,4459;863,5195;908,0831;942,4258
median_filter;salt_pepper;0_5;5;421,0903;158,9608;213,789;360,6744;374,7136;413,3778;528,108;523,0925;288,1158;253,1638;208,6241;322,8773;413,368;434,4982
median_filter;salt_pepper;0_5;6;334,6252;53,8697;87,6445;261,7397;289,6936;362,9033;472,2964;462,7523;217,3769;175,3232;124,2471;250,5716;360,0013;379,5548
median_filter;salt_pepper;0_5;7;247,4053;29,0175;29,0806;183,3359;236,3686;336,3244;436,7018;419,7044;172,4333;144,9447;99,8492;224,0113;336,2335;352,7246
median_filter;salt_pepper;0_5;8;285,84;28,2181;28,2493;222,1035;259,0057;363,3389;472,1143;454,4147;192,2557;153,4879;104,1226;237,9492;365,0213;379,2255
median_filter;salt_pepper;0_5;9;276,2477;28,7023;28,6759;231,8031;262,4588;375,4657;483,1874;459,2334;189,4593;157,8853;104,8848;242,0657;375,3732;386,7094
median_filter;salt_pepper;0_5;10;329,3525;31,1132;33,942;281,2057;286,32;401,446;516,6878;494,1239;212,5097;167,3627;112,0172;255,6489;401,4965;412,2243
median_filter;salt_pepper;0_05;1;1361,8401;1017,0878;1339,4436;1240,4458;1302,5059;951,987;969,9028;997,8341;955,3839;884,4978;842,7798;880,4708;857,055;860,2613
median_filter;salt_pepper;0_05;2;300,1047;86,9009;193,6224;269,1935;271,3133;298,781;351,8172;346,0479;216,773;184,8039;122,3016;219,0239;254,9489;273,2003
median_filter;salt_pepper;0_05;3;25,803;5,058;2,1068;13,9264;36,4081;100,8925;146,7756;110,5734;46,8639;51,3729;36,7357;85,6077;100,4357;114,8725
median_filter;salt_pepper;0_05;4;120,0913;13,9062;10,549;73,2851;109,6883;192,604;267,7055;242,2029;98,8133;84,7722;60,3005;141,566;193,3983;210,7264
median_filter;salt_pepper;0_05;5;62,63;13,1621;4,7216;37,9974;88,1231;180,9373;259,8492;232,5079;82,3268;86,9905;59,4414;143,0761;188,1149;210,2457
median_filter;salt_pepper;0_05;6;150,6112;17,9941;12,6421;95,493;158,6011;246,9892;340,6297;315,5056;121,634;109,0015;74,6764;178,062;251,1991;270,7513
median_filter;salt_pepper;0_05;7;117,0406;20,1748;9,4175;85,2106;145,5937;258,7771;352,9426;319,8724;114,4092;116,8726;77,3866;187,5467;265,4877;284,9954
median_filter;salt_pepper;0_05;8;200,1083;23,9134;16,9545;144,3549;197,8542;308,5271;412,9151;381,9798;148,3725;133,7896;88,6125;211,6405;312,1045;327,4237
median_filter;salt_pepper;0_05;9;183,5665;25,571;15,8321;156,1098;191,8474;327,4105;433,7864;395,0715;146,9625;142,3716;91,9043;221,7124;330,43;345,219
median_filter;salt_pepper;0_05;10;262,8748;28,4295;23,7654;220,8658;240,1508;366,2132;479,9024;445,3833;177,5264;154,9982;101,0826;238,9965;365,3537;377,3287
median_filter;salt_pepper;0_25;1;6753,6366;4984,714;6726,2566;6125,3994;6455,1;4758,2255;4821,6324;5011,9562;4746,2563;4437,3849;4189,0817;4346,3933;4300,8528;4251,6124
median_filter;salt_pepper;0_25;2;3823,0051;1642,748;3957,8936;3681,4763;3563,2147;2571,2001;2442,8297;2755,071;2544,1692;2280,7259;1439,4805;1872,4026;1732,4528;1781,5022
median_filter;salt_pepper;0_25;3;222,6842;106,0257;148,623;197,9469;221,8629;247,099;315,5271;280,7582;174,4847;162,8423;136,015;204,2454;239,4143;250,3941
median_filter;salt_pepper;0_25;4;183,9806;23,3445;36,0872;123,118;154,8666;235,8621;318,627;294,3455;129,1851;107,5611;76,5378;168,6158;234,3127;251,3596
median_filter;salt_pepper;0_25;5;107,803;15,5518;9,2462;62,6592;117,2481;210,7457;293,5077;269,7177;100,7552;96,8956;66,6993;156,4454;216,1487;235,4861
median_filter;salt_pepper;0_25;6;178,8123;19,5665;17,1686;115,2608;171,4991;266,2889;361,8876;337,9735;134,6781;116,1922;79,9669;187,8009;271,0475;288,1217
median_filter;salt_pepper;0_25;7;150,2726;21,2487;12,4186;104,0594;167,966;276,7891;372,4111;341,6833;127,8615;122,2508;81,6342;194,7185;282,4332;299,8145
median_filter;salt_pepper;0_25;8;224,328;24,7817;20,6326;159,3598;212,4623;321,2246;427,1273;396,2534;158,123;138,091;92,0174;217,4592;325,3152;338,2193
median_filter;salt_pepper;0_25;9;211,0198;26,2211;19,4499;168,4749;211,1747;339,9434;446,7007;409,5584;157,5242;145,5778;94,9355;226,4707;341,4164;354,6849
median_filter;salt_pepper;0_25;10;283,4264;29,111;28,4133;230,0416;252,4286;375,5174;489,4799;455,5821;185,6619;157,5656;103,5651;243,261;374,4137;384,4979
median_filter;gaussian;0_5;1;807,6276;1655,606;1080,9612;1268,6363;958,6776;1448,153;1350,6763;1308,4326;1419,6412;1489,8758;1549,0052;1384,4908;1367,4771;1352,2871
median_filter;gaussian;0_5;2;574,3494;822,0619;687,022;824,8622;651,2805;855,4227;867,4951;846,4439;779,4537;768,8486;765,117;760,575;792,7721;795,4061
median_filter;gaussian;0_5;3;180,4315;310,5006;204,8844;279,6436;222,2158;375,1535;402,9257;370,6353;314,7743;316,2534;305,946;331,3983;351,8779;361,6841
median_filter;gaussian;0_5;4;213,1399;201,7241;157,0328;248,7981;231,0616;346,8564;406,5567;384,8327;259,7806;246,5515;225,2135;286,4096;339,2985;351,919
median_filter;gaussian;0_5;5;141,4149;126,9052;88,1697;164,9888;174,8964;297,4016;362,2816;347,498;198,9186;190,5246;164,2944;238,0425;296,333;312,7935
median_filter;gaussian;0_5;6;195,3921;99,3736;78,3623;191,0202;210,6708;320,6816;401,6597;386,2885;203,4641;182,548;149,9768;242,5347;323,1531;338,645
median_filter;gaussian;0_5;7;175,9224;77,5057;57,1992;175,3949;198,6288;323,6869;407,6114;393,0111;192,0335;172,0328;134,9636;237,0236;327,4753;343,3039
median_filter;gaussian;0_5;8;233,1738;68,2405;56,7112;220,2691;235,1328;352,8138;445,5976;428,7074;208,5668;175,268;134,2856;247,9147;356,266;369,5812
median_filter;gaussian;0_5;9;235,2144;59,9107;49,1385;234,9511;237,505;367,7268;462,4715;444,1362;211,8251;175,2129;130,9893;251,8033;370,5016;382,8959
median_filter;gaussian;0_5;10;291,1659;56,4064;52,4807;287,7181;272,9761;394,1437;494,7058;474,7012;231,4303;180,2732;134,2883;262,0507;394,8949;405,4364
median_filter;gaussian;0_9;1;4033,1873;6397,9964;5169,18;5607,1907;4541,1187;5783,2111;5476,1939;5411,7179;5748,727;5942,8049;6230,7323;5752,1717;5740,8804;5717,9632
median_filter;gaussian;0_9;2;2678,9991;3587,3187;3700,2941;4169,3346;3031,881;3922,7741;3571,1572;3670,3646;3843,0565;3892,5824;3640,6091;3516,824;3432,9061;3469,7805
median_filter;gaussian;0_9;3;841,8342;1611,2186;1041,7294;1282,2947;978,1803;1542,7121;1490,9495;1423,8043;1446,2814;1506,0847;1547,7143;1447,7839;1451,8764;1455,8842
median_filter;gaussian;0_9;4;691,042;1044,9854;794,6026;1007,9082;780,0568;1110,5568;1112,8655;1092,5757;1004,6121;997,7772;999,9853;984,96;1019,4552;1034,7254
median_filter;gaussian;0_9;5;424,7176;655,6682;419,1117;594,6307;483,3654;770,4989;809,8625;795,9772;654,7225;651,2651;640,1624;667,7738;714,0058;736,6273
median_filter;gaussian;0_9;6;423,8374;489,3382;351,6832;542,397;458,63;667,4658;725,0564;716,8721;538,3959;512,9334;495,2483;553,2124;624,7622;645,6663
median_filter;gaussian;0_9;7;356,1808;357,0307;235,9928;422,4639;375,6749;577,6373;648,4228;639,6751;435,4103;411,1135;382,733;461,9908;547,3235;566,8113
median_filter;gaussian;0_9;8;387,4251;287,8775;210,8691;434,8777;387,2436;553,9182;633,5183;622,8288;401,8215;361,3824;328,6889;423,8868;528,2947;543,6132
median_filter;gaussian;0_9;9;375,1534;229,416;163,3387;404,1567;363,6291;526,8494;614,1032;601,1971;365,6284;320,9044;282,2142;388,6641;506,9475;520,6609
median_filter;gaussian;0_9;10;415,0514;196,0756;153,0585;443,9045;385,8803;526,4708;618,6059;603,87;360,197;299,5707;258,7925;374,7214;507,7074;518,4043
ca_median;salt_pepper;0_5;1;4264,9243;1214,1153;1295,4584;1360,3742;3389,8269;1076,1307;1176,4273;1163,8573;959,4501;878,4084;809,6037;928,9065;984,2558;997,1374
ca_median;salt_pepper;0_5;2;1543,3843;256,8093;200,8706;413,8588;1168,247;304,1803;380,1471;363,5741;208,6205;186,376;155,6628;239,6704;302,2172;314,9932
ca_median;salt_pepper;0_5;3;918,2014;137,217;103,0685;335,1547;696,2246;267,2947;346,1344;324,3355;161,4324;145,6157;113,0348;203,7265;270,7118;285,907
ca_median;salt_pepper;0_5;4;690,4283;105,0157;89,1743;324,0674;529,3414;264,4971;345,3249;325,8748;156,8463;142,1065;108,8987;202,1589;271,3532;286,7449
ca_median;salt_pepper;0_5;5;586,4438;92,2243;85,7783;324,9351;452,1256;277,0041;362,1905;339,6616;160,7326;146,7416;110,8123;209,7896;283,8439;300,274
ca_median;salt_pepper;0_5;6;530,5885;85,2762;85,214;329,0594;408,9897;286,1476;374,9352;351,3082;165,1357;151,0409;113,0872;216,197;294,2724;310,8984
ca_median;salt_pepper;0_5;7;497,8124;81,1936;85,413;334,9961;384,2601;298,4369;390,9545;364,3504;170,6352;156,1424;115,8875;223,4507;306,5496;323,4066
ca_median;salt_pepper;0_5;8;478,7924;78,4028;86,105;341,1211;368,9124;308,0354;403,6606;375,5134;175,711;160,4409;118,3225;229,44;316,6527;333,5734
ca_median;salt_pepper;0_5;9;468,9847;77,0649;86,9486;347,3525;360,188;318,7986;417,4652;386,7244;181,1311;164,8406;120,814;235,4804;327,1203;344,286
ca_median;salt_pepper;0_5;10;464,5126;76,0134;87,8149;354,4989;354,9804;327,4908;428,704;396,6733;186,2313;168,5892;123,0119;240,5915;335,9181;353,2724
ca_median;salt_pepper;0_05;1;164,4296;18,2706;12,2681;42,9106;139,0573;143,0471;204,1632;158,8286;69,9656;72,7443;51,8351;117,3716;143,0709;160,675
ca_median;salt_pepper;0_05;2;117,1617;11,4685;11,575;47,4567;90,7594;136,469;197,3677;167,6165;68,2546;69,6725;50,8529;113,857;146,117;161,4985
ca_median;salt_pepper;0_05;3;141,2489;12,8969;12,8059;56,2694;106,1793;171,8356;245,4984;207,4501;83,3141;85,0837;59,8855;138,1719;180,5893;199,2692
ca_median;salt_pepper;0_05;4;158,6261;13,9613;14,0133;64,3985;115,6476;186,2107;266,1018;229,4908;91,2567;92,6468;64,7838;149,45;197,7703;216,9161
ca_median;salt_pepper;0_05;5;175,6436;15,0358;15,3091;72,6562;125,3822;208,5047;294,794;253,9565;101,2488;101,7552;70,1701;162,8782;219,2205;239,5392
ca_median;salt_pepper;0_05;6;189,1084;15,9274;16,4965;80,2121;132,7455;221,4164;312,6262;270,7533;108,3583;108,1455;73,9764;171,6831;233,6501;254,1872
ca_median;salt_pepper;0_05;7;202,8581;16,8533;17,7095;87,8323;141,351;237,8007;333,6057;288,0069;116,3972;114,7989;77,9251;181,0244;249,333;270,4806
ca_median;salt_pepper;0_05;8;215,3826;17,7285;18,8753;94,6978;148,2599;248,6037;348,2879;301,1254;122,6356;119,9894;80,957;187,8172;261,0483;282,36
ca_median;salt_pepper;0_05;9;228,7632;18,6328;20,0857;101,6;156,1042;261,7871;364,7199;314,7941;129,5907;125,2148;84,0854;194,8836;273,4085;295,0685
ca_median;salt_pepper;0_05;10;241,0541;19,4054;21,2437;108,1176;162,6014;271,172;377,0664;325,8164;135,2672;129,5623;86,6171;200,4335;283,1404;305,087
ca_median;salt_pepper;0_25;1;1023,9851;163,0043;125,9444;223,75;832,2643;249,7076;321,2328;285,0049;154,216;144,6492;117,031;195,8603;237,1051;256,7411
ca_median;salt_pepper;0_25;2;303,727;47,836;43,3775;159,8259;256,1693;173,1299;236,6273;215,3474;96,7483;91,8973;70,9153;137,2946;179,1782;192,9762
ca_median;salt_pepper;0_25;3;230,4993;39,5799;42,3098;162,4989;195,0244;201,0016;275,0871;246,7191;107,5503;104,3622;77,8681;157,3401;207,4042;224,086
ca_median;salt_pepper;0_25;4;225,6165;38,0683;42,8533;167,9028;186,2592;211,9655;291,7902;264,3603;113,6984;110,7931;81,8692;167,1798;221,9757;238,9064
ca_median;salt_pepper;0_25;5;233,9145;38,3655;43,7628;174,589;191,2225;231,4345;317,4306;285,4235;122,3492;119,1476;86,8096;179,6571;241,7539;259,4638
ca_median;salt_pepper;0_25;6;243,5047;38,8431;44,7354;181,1581;196,03;243,5067;334,4964;300,8715;129,0002;125,2574;90,3707;188,2472;255,4873;273,545
ca_median;salt_pepper;0_25;7;254,9889;39,6219;45,7479;188,004;202,9059;258,5466;354,1883;316,7139;136,3608;131,4979;94,0851;197,1093;270,4408;288,8423
ca_median;salt_pepper;0_25;8;266,0199;40,2918;46,8239;194,6554;208,7381;269,1725;368,821;329,3588;142,4715;136,5736;97,0488;203,9767;281,8442;300,5352
ca_median;salt_pepper;0_25;9;278,1325;41,0664;47,8927;201,092;215,6907;281,3853;384,4399;342,2616;149,0175;141,5645;100,0393;210,803;293,7942;312,8338
ca_median;salt_pepper;0_25;10;289,592;41,756;49,0401;207,3686;222,0488;290,6021;396,8727;352,9389;154,6097;145,7632;102,4992;216,3014;303,2915;322,6621
ca_median;gaussian;0_5;1;292,3613;331,5346;286,8081;329,3916;315,5051;412,5491;453,334;412,9142;334,3595;337,4541;324,873;361,6103;389,0484;402,3545
ca_median;gaussian;0_5;2;220,6565;165,2819;166,3016;206,8514;224,8791;270,1617;317,1859;300,0894;199,1932;194,1735;177,8511;226,5649;267,5569;278,3473
ca_median;gaussian;0_5;3;214,768;117,8442;131,7104;179,1519;213,179;264,467;325,9522;301,6784;176,0889;168,3151;145,0886;213,1586;265,4059;279,9925
ca_median;gaussian;0_5;4;218,3988;96,6518;116,6897;171,5323;210,7934;260,4769;328,1601;305,4943;166,6532;156,5696;130,386;205,9994;266,0615;280,8979
ca_median;gaussian;0_5;5;227,9147;84,9148;108,5763;171,3303;214,6046;270,0348;344,9086;318,0333;166,1622;154,2745;124,612;209,0327;276,6966;292,6333
ca_median;gaussian;0_5;6;237,8245;77,4419;103,6497;173,8982;218,8191;276,3116;355,905;327,9666;167,1453;153,3914;121,3855;211,3514;284,9412;301,1452
ca_median;gaussian;0_5;7;249,496;72,4153;100,5401;177,7088;224,4992;286,442;370,8307;339,539;170,1199;154,4988;120,1356;215,6691;295,3093;311,9246
ca_median;gaussian;0_5;8;260,5026;68,782;98,5362;182,3343;229,7995;293,91;381,9726;349,1644;173,2346;155,8596;119,5324;219,1854;303,7216;320,5564
ca_median;gaussian;0_5;9;272,3243;66,1791;97,2313;187,2726;235,9265;303,1489;394,6488;359,2874;177,0981;157,7394;119,6159;223,2635;312,6346;329,871
ca_median;gaussian;0_5;10;283,7249;64,1664;96,3986;192,2243;241,4251;310,4218;404,7485;367,9646;180,8788;159,5348;119,9461;226,747;320,2685;337,6701
ca_median;gaussian;0_9;1;1336,3936;1678,8562;1643,5866;1736,2367;1428,778;1550,1915;1523,3777;1505,0763;1452,0228;1445,9989;1467,8119;1414,5071;1429,9006;1441,1813
ca_median;gaussian;0_9;2;884,3885;863,5194;997,2035;1051,7144;904,0925;844,429;862,3421;869,4341;761,6588;726,5324;720,4086;733,0219;765,3837;780,9546
ca_median;gaussian;0_9;3;771,9862;627,0112;809,926;864,7364;771,0036;675,1188;715,8936;717,8142;578,138;532,5676;513,0345;559,5964;607,6679;626,5392
ca_median;gaussian;0_9;4;727,4476;518,8356;724,0956;785,8677;715,5964;597,2779;647,6549;652,0221;496,3651;444,0708;417,8111;478,9928;537,2356;555,3761
ca_median;gaussian;0_9;5;707,3035;455,2244;673,4161;743,7575;687,3145;561,9259;620,716;622,2834;453,3747;396,0505;364,3236;438,2508;506,1848;524,2961
ca_median;gaussian;0_9;6;697,8722;413,0668;639,7049;718,8744;671,1389;539,2418;603,4394;604,5312;426,5527;364,4519;329,085;411,1638;487,1562;504,3944
ca_median;gaussian;0_9;7;695,342;383,174;615,7996;704,2431;661,9516;527,7567;596,8897;595,8685;410,0238;343,5233;305,0411;394,6406;477,9607;494,7265
ca_median;gaussian;0_9;8;696,081;360,8186;598,1927;695,5912;656,5473;519,8445;592,7784;590,6647;398,8858;328,181;287,421;382,4757;472,1324;488,225
ca_median;gaussian;0_9;9;699,5564;343,6553;584,7139;689,9208;653,8473;516,4238;592,5613;588,9324;391,5773;317,1141;274,3098;374,3291;469,8345;485,5179
ca_median;gaussian;0_9;10;704,0864;329,9694;574,122;687,1212;652,8069;514,0482;592,8847;588,3092;386,7079;308,4496;264,0318;367,9735;468,6934;483,8628
ca;salt_pepper;0_5;1;6564,6851;3777,5281;4969,3513;4654,2525;5841,6946;3469,1225;3565,3201;3687,2316;3430,8589;3185,1135;2993,4912;3147,0975;3108,8856;3097,2141
ca;salt_pepper;0_5;2;3483,9518;1352,6156;1711,8849;1715,8731;2889,9048;1197,1723;1274,7106;1300,4674;1138,6645;1037,8162;962,3041;1051,6241;1061,6586;1067,5103
ca;salt_pepper;0_5;3;2426,598;689,0052;839,3112;950,9826;1931,0221;624,7113;701,1687;707,8734;551,021;493,9587;438,571;524,4127;555,3557;564,0087
ca;salt_pepper;0_5;4;2036,2802;496,434;580,5329;742,9079;1599,3034;480,0529;558,4102;560,6656;398,5603;352,9633;301,8269;391,2545;433,516;443,8027
ca;salt_pepper;0_5;5;1836,7104;410,4527;458,3928;652,4626;1432,3783;423,087;502,0505;501,7827;336,3227;297,2657;248,0878;340,0092;389,0126;400,2374
ca;salt_pepper;0_5;6;1710,416;363,5703;390,776;603,2659;1331,294;395,3749;474,4075;472,6304;305,8502;270,2754;223,1552;315,5701;368,5371;380,2855
ca;salt_pepper;0_5;7;1626,6367;336,3318;348,9346;576,3396;1265,5193;380,9464;460,2269;457,0735;290,1154;256,8376;211,4443;303,686;358,979;371,0873
ca;salt_pepper;0_5;8;1572,6182;320,4583;323,1944;559,6644;1222,1362;373,5403;452,7138;448,8239;281,9329;250,3385;206,1391;297,9367;354,7079;366,9962
ca;salt_pepper;0_5;9;1535,9811;310,8891;307,3037;549,0876;1193,0378;369,6442;448,855;444,296;277,65;247,1041;203,7727;295,1881;352,793;365,1555
ca;salt_pepper;0_5;10;1511,4353;305,3286;297,006;542,3743;1174,2207;367,7046;446,8427;441,9732;275,4906;245,5398;202,7026;293,8859;351,9121;364,3591
ca;salt_pepper;0_05;1;143,3188;66,4591;81,3203;94,8128;126,0679;107,031;133,8759;114,4155;78,6665;77,2201;68,0538;96,855;99,9746;110,4242
ca;salt_pepper;0_05;2;73,3321;13,826;14,1228;30,6607;65,9316;87,1523;126,2861;97,3714;39,5707;41,0381;29,237;69,8665;84,4807;97,9962
ca;salt_pepper;0_05;3;63,7639;11,0801;11,3906;30,3717;58,1171;99,077;145,6336;114,5041;40,8236;43,1387;28,8676;76,9626;96,6707;111,581
ca;salt_pepper;0_05;4;58,4423;10,4;11,1533;30,9492;56,5153;105,7795;156,697;124,3072;41,9757;44,6001;29,3179;81,2379;103,5473;118,7434
ca;salt_pepper;0_05;5;54,6101;10,2378;11,1343;31,628;54,2266;109,4503;163,4371;129,7746;42,4807;45,159;29,4912;83,2512;107,0126;122,2824
ca;salt_pepper;0_05;6;54,8843;10,388;11,137;32,066;55,7508;111,586;167,5323;133,0907;42,6955;45,396;29,5492;84,2502;108,7575;124,0097
ca;salt_pepper;0_05;7;55,1616;10,4717;11,1479;32,3789;57,206;112,9105;170,1691;135,2283;42,7754;45,4997;29,5709;84,7311;109,6185;124,8507
ca;salt_pepper;0_05;8;55,3015;10,5537;11,1571;32,6023;58,5063;113,7068;171,8819;136,4964;42,8051;45,5461;29,5767;84,9508;110,0292;125,2574
ca;salt_pepper;0_05;9;55,2531;10,6177;11,1697;32,6887;59,5082;114,2161;172,9637;137,333;42,8161;45,5623;29,5774;85,0327;110,1994;125,4283
ca;salt_pepper;0_05;10;55,3643;10,6596;11,1704;32,7288;60,3485;114,5378;173,5695;137,7684;42,8209;45,5672;29,5774;85,065;110,2689;125,4876
ca;salt_pepper;0_25;1;2085,8056;1180,0128;1557,615;1455,9163;1905,3439;1138,1318;1181,3671;1214,6202;1105,938;1042,4884;975,1301;1033,14;1030,5377;1029,5948
ca;salt_pepper;0_25;2;791,7075;249,129;286,7536;347,0672;682,0722;281,7479;331,2036;314,4469;230,4796;218,4447;196,5826;246,4351;259,6127;271,8871
ca;salt_pepper;0_25;3;481,3131;108,2726;106,6538;204,1594;405,7412;180,0199;235,3553;212,1349;115,6251;111,4805;90,8864;147,653;174,4226;188,0903
ca;salt_pepper;0_25;4;375,9992;77,6451;74,6468;180,3826;321,5785;169,8595;229,267;203,8952;98,003;95,8647;74,921;135,9876;168,136;181,8738
ca;salt_pepper;0_25;5;326,5992;66,3362;63,2753;172,8407;280,8672;168,1435;230,1656;204,0992;93,083;91,7091;70,4837;133,577;167,9562;182,0936
ca;salt_pepper;0_25;6;296,9956;61,1005;58,7542;170,6144;257,643;168,5638;231,9809;205,6007;91,5039;90,447;69,2572;133,3928;168,7595;182,8913
ca;salt_pepper;0_25;7;279,0416;58,4057;56,6772;169,6455;242,9557;169,1976;233,5823;206,6547;90,9448;90,0855;68,8631;133,4914;169,3344;183,4624
ca;salt_pepper;0_25;8;267,1228;56,8267;55,7286;169,3175;234,1842;169,6999;234,8716;207,6327;90,7053;89,9787;68,726;133,5462;169,6213;183,6984
ca;salt_pepper;0_25;9;259,4491;55,9236;55,2247;169,1606;228,7444;170,0059;235,6871;208,172;90,6344;89,937;68,6916;133,5983;169,6862;183,8143
ca;salt_pepper;0_25;10;254,561;55,3313;54,9685;169,0608;224,7684;170,2251;236,1709;208,4882;90,5854;89,9184;68,6824;133,6217;169,7354;183,8542
ca;gaussian;0_5;1;467,3149;804,1849;552,7033;674,5524;540,4209;786,1873;772,3288;735,1269;732,2859;756,338;763,8417;729,6781;744,4134;744,7588
ca;gaussian;0_5;2;336,7483;448,7836;342,4891;437,8896;377,8113;518,2378;541,5399;510,5901;452,8064;455,8958;446,4914;467,195;501,7128;509,381
ca;gaussian;0_5;3;286,6425;291,7598;254,5519;338,908;311,3799;401,3592;440,8971;413,1456;330,5353;323,2003;306,8462;351,4779;397,7969;406,8262
ca;gaussian;0_5;4;269,2871;225,009;220,214;298,4894;286,6096;353,2209;400,3598;375,025;278,92;266,65;247,3314;302,3774;353,8694;363,1524
ca;gaussian;0_5;5;264,6084;199,9947;208,9071;284,6265;279,1492;335,9964;387,0931;363,2394;259,6009;245,5066;225,4261;284,9497;338,0276;347,3477
ca;gaussian;0_5;6;263,9113;192,2755;205,682;280,854;277,8415;331,4675;384,5322;360,6875;253,7384;239,2097;218,9827;279,7293;333,4885;342,4386
ca;gaussian;0_5;7;263,9349;190,4204;205,0129;280,2993;278,2493;330,7018;384,5988;360,9211;252,0821;237,49;217,381;278,4022;332,2972;341,1783
ca;gaussian;0_5;8;264,098;190,0777;204,8992;280,0674;278,9749;330,7316;385,1934;361,3066;251,5936;237,149;216,9957;278,0977;332,0421;340,9121
ca;gaussian;0_5;9;264,2038;190,0686;204,8765;280,2016;279,6461;330,8091;385,5207;361,7125;251,4763;237,0864;216,9014;278,009;332,0081;340,8312
ca;gaussian;0_5;10;264,3463;190,0978;204,8958;280,4234;280,1206;330,8731;385,758;361,9165;251,4471;237,0857;216,8907;278,0043;331,9847;340,8434
ca;gaussian;0_9;1;2301,0851;3384,3059;2848,0202;3078,5347;2529,6181;3095,6175;2964,9892;2923,195;3028,6751;3125,9505;3300,0151;3066,2515;3092,5318;3100,3185
ca;gaussian;0_9;2;1563,2503;1959,5488;1848,8379;1973,1698;1660,1478;1834,2246;1798,4623;1782,9946;1755,6901;1772,7391;1852,6064;1768,1912;1812,7333;1828,1203
ca;gaussian;0_9;3;1236,5994;1300,0687;1407,9572;1484,2821;1270,9696;1252,7524;1260,7646;1258,2661;1168,8328;1145,615;1176,4665;1162,206;1217,6528;1229,5856
ca;gaussian;0_9;4;1077,5005;988,0484;1195,32;1255,4945;1089,0109;978,8203;1005,2173;1010,4981;892,1373;847,0303;853,5627;872,2947;933,2475;944,2664
ca;gaussian;0_9;5;1001,7398;830,4196;1087,879;1140,8541;998,5561;844,1219;880,3872;890,1724;754,9572;697,3476;690,9489;727,7767;792,1631;802,6831
ca;gaussian;0_9;6;966,6705;751,0653;1035,022;1086,3572;956,7699;778,8432;820,7674;833,4247;687,9493;623,7279;610,1506;657,9312;722,9704;733,2067
ca;gaussian;0_9;7;951,8718;712,8977;1010,5368;1061,6371;938,8327;748,957;794,4276;807,9489;656,8671;590,1308;571,9101;626,0338;691,0565;701,5503
ca;gaussian;0_9;8;946,2816;695,967;999,966;1050,9489;931,5928;736,06;783,262;796,8907;643,5387;575,6534;555,7579;612,5601;677,7351;688,1002
ca;gaussian;0_9;9;944,4018;688,8929;995,7288;1046,4806;928,6787;730,8841;778,8268;792,6605;638,1246;569,8444;549,3439;607,2316;672,4173;682,8348
ca;gaussian;0_9;10;943,6241;686,1927;994,1436;1044,9109;927,6289;729,0206;777,1818;791,2323;636,1222;567,641;547,0673;605,3333;670,448;680,934
